code,organisation_long,disciplines
1937701,Germany,BK3
1937758,Switzerland,BK3
1937785,"Hong Kong, China",BK3
1937815,Switzerland,BK3
1937848,Poland,BK3
1937858,France,BK3
1937879,Romania,BK3
1937884,Serbia,BK3
1937903,People's Republic of China,BK3
1937919,Republic of Korea,BK3
1937973,Hungary,BK3
1937982,Botswana,BK3
1938013,United States of America,BK3
1938090,Estonia,BK3
1938099,Romania,BK3
1938104,Serbia,BK3
1995222,France,BK3
1995226,France,BK3
1995228,France,BK3
1995229,France,BK3
1995231,France,BK3
1995232,France,BK3
1995233,France,BK3
1995236,France,BK3
1995237,France,BK3
1995239,France,BK3
1995240,France,BK3
1995244,France,BK3
3060392,Slovenia,BK3
3060402,Slovenia,BK3
3060403,Japan,BK3
3060404,Japan,BK3
3060405,Japan,BK3
3060406,Hungary,BK3
3060407,Slovenia,BK3
3060408,Slovenia,BK3
3060409,Slovenia,BK3
3060410,Hungary,BK3
3060411,Slovenia,BK3
3060412,Hungary,BK3
1550642,International Gymnastics Federation,GAR
1550643,International Gymnastics Federation,GAR
1550645,International Gymnastics Federation,GAR
1550646,International Gymnastics Federation,GAR
1550647,International Gymnastics Federation,GAR
1550648,International Gymnastics Federation,GAR
1550649,International Gymnastics Federation,GAR
1550650,International Gymnastics Federation,GAR
1550651,International Gymnastics Federation,GAR
1550652,International Gymnastics Federation,GAR
1550653,International Gymnastics Federation,GAR
1550654,International Gymnastics Federation,GAR
1550655,International Gymnastics Federation,GAR
1550656,International Gymnastics Federation,GAR
1550657,International Gymnastics Federation,GAR
1571122,International Gymnastics Federation,GAR
1571123,International Gymnastics Federation,GAR
1571124,International Gymnastics Federation,GAR
1990795,International Gymnastics Federation,GAR
1990866,International Gymnastics Federation,GAR
1990867,International Gymnastics Federation,GAR
1990868,International Gymnastics Federation,GAR
1990869,International Gymnastics Federation,GAR
1990870,International Gymnastics Federation,GAR
2490861,France,GAR
2490864,International Gymnastics Federation,GAR
2490876,International Gymnastics Federation,GAR
2490881,France,GAR
2490887,International Gymnastics Federation,GAR
2973407,International Gymnastics Federation,GAR
2973413,International Gymnastics Federation,GAR
4968543,International Gymnastics Federation,GAR
2280241,World Aquatics,SWM
2280242,World Aquatics,SWM
2280243,World Aquatics,SWM
2280244,World Aquatics,SWM
2280245,World Aquatics,SWM
2280246,World Aquatics,SWM
2280247,World Aquatics,SWM
2280248,World Aquatics,SWM
2280249,World Aquatics,SWM
2280250,World Aquatics,SWM
2280251,World Aquatics,SWM
2280252,World Aquatics,SWM
2280253,World Aquatics,SWM
2280254,World Aquatics,SWM
2280255,World Aquatics,SWM
2280256,World Aquatics,SWM
2280354,World Aquatics,SWM
2280355,World Aquatics,SWM
2280356,World Aquatics,SWM
2280357,World Aquatics,SWM
2280358,World Aquatics,SWM
2280359,World Aquatics,SWM
2280360,World Aquatics,SWM
2280361,World Aquatics,SWM
2280362,World Aquatics,SWM
2280363,World Aquatics,SWM
2280364,World Aquatics,SWM
2280365,World Aquatics,SWM
2280366,World Aquatics,SWM
2280367,World Aquatics,SWM
2280368,World Aquatics,SWM
2280369,World Aquatics,SWM
2281520,World Aquatics,SWM
2483779,World Aquatics,SWM
2796266,World Aquatics,SWM
2796280,World Aquatics,SWM
2796300,World Aquatics,SWM
2796302,World Aquatics,SWM
2796330,World Aquatics,SWM
1893012,International Basketball Federation,BKB
1893016,International Basketball Federation,BKB
1893040,International Basketball Federation,BKB
1893057,International Basketball Federation,BKB
1893105,International Basketball Federation,BKB
1893111,International Basketball Federation,BKB
1898273,International Basketball Federation,BKB
1898633,International Basketball Federation,BKB
1898640,International Basketball Federation,BKB
1898648,International Basketball Federation,BKB
1898669,International Basketball Federation,BKB
1898675,International Basketball Federation,BKB
1898693,International Basketball Federation,BKB
1898701,International Basketball Federation,BKB
1898712,International Basketball Federation,BKB
1898728,International Basketball Federation,BKB
1898782,International Basketball Federation,BKB
1898799,International Basketball Federation,BKB
1898911,International Basketball Federation,BKB
1922183,International Basketball Federation,BKB
1922369,International Basketball Federation,BKB
1922396,International Basketball Federation,BKB
1922432,International Basketball Federation,BKB
1922550,International Basketball Federation,BKB
1922569,International Basketball Federation,BKB
1922591,International Basketball Federation,BKB
1922614,International Basketball Federation,BKB
1922689,International Basketball Federation,BKB
1928960,International Basketball Federation,BKB
1929700,International Basketball Federation,BKB
1929719,International Basketball Federation,BKB
1929775,International Basketball Federation,BKB
1948172,International Basketball Federation,BKB
1948315,International Basketball Federation,BKB
1948497,International Basketball Federation,BKB
1948922,International Basketball Federation,BKB
1949000,International Basketball Federation,BKB
1959180,International Basketball Federation,BKB
1963610,International Basketball Federation,BKB
1963689,International Basketball Federation,BKB
1963755,International Basketball Federation,BKB
1963769,International Basketball Federation,BKB
1963784,International Basketball Federation,BKB
1963816,International Basketball Federation,BKB
1963832,International Basketball Federation,BKB
1963904,International Basketball Federation,BKB
1963920,International Basketball Federation,BKB
1978063,International Basketball Federation,BKB
1978746,International Basketball Federation,BKB
2292964,International Basketball Federation,BKB
2491271,International Basketball Federation,BKB
2491272,International Basketball Federation,BKB
2491273,International Basketball Federation,BKB
2491274,International Basketball Federation,BKB
2491275,International Basketball Federation,BKB
2491276,International Basketball Federation,BKB
2491277,International Basketball Federation,BKB
2491278,International Basketball Federation,BKB
2491279,International Basketball Federation,BKB
2491280,International Basketball Federation,BKB
2491281,International Basketball Federation,BKB
2491282,International Basketball Federation,BKB
2491283,International Basketball Federation,BKB
2491284,International Basketball Federation,BKB
2491285,International Basketball Federation,BKB
2491286,International Basketball Federation,BKB
2491287,International Basketball Federation,BKB
2491288,International Basketball Federation,BKB
2491289,International Basketball Federation,BKB
2491290,International Basketball Federation,BKB
2491291,International Basketball Federation,BKB
2491292,International Basketball Federation,BKB
2491293,International Basketball Federation,BKB
2491294,International Basketball Federation,BKB
2491295,International Basketball Federation,BKB
2491296,International Basketball Federation,BKB
2491297,International Basketball Federation,BKB
2491298,International Basketball Federation,BKB
2491299,International Basketball Federation,BKB
2491300,International Basketball Federation,BKB
2491301,International Basketball Federation,BKB
2491302,International Basketball Federation,BKB
2491303,International Basketball Federation,BKB
2491304,International Basketball Federation,BKB
2491305,International Basketball Federation,BKB
2491306,International Basketball Federation,BKB
2491307,International Basketball Federation,BKB
2491308,International Basketball Federation,BKB
2491309,International Basketball Federation,BKB
2491310,International Basketball Federation,BKB
1894925,Brazil,VBV
1894942,Portugal,VBV
1894943,Canada,VBV
1894975,Italy,VBV
1894978,People's Republic of China,VBV
1894979,United States of America,VBV
1895002,Japan,VBV
1895006,Colombia,VBV
1895011,France,VBV
1895012,Poland,VBV
1895013,Greece,VBV
1895018,Serbia,VBV
1895019,Canada,VBV
1895022,Australia,VBV
1895034,Argentina,VBV
1895035,Poland,VBV
1895040,Spain,VBV
1895048,Rwanda,VBV
2281445,International Volleyball Federation,VBV
2281448,International Volleyball Federation,VBV
2281449,International Volleyball Federation,VBV
2281450,International Volleyball Federation,VBV
2281451,International Volleyball Federation,VBV
2281452,International Volleyball Federation,VBV
2281454,International Volleyball Federation,VBV
2281455,International Volleyball Federation,VBV
2281456,International Volleyball Federation,VBV
2281457,International Volleyball Federation,VBV
2281459,International Volleyball Federation,VBV
2281460,International Volleyball Federation,VBV
2281461,International Volleyball Federation,VBV
2281462,International Volleyball Federation,VBV
2281463,International Volleyball Federation,VBV
2281466,International Volleyball Federation,VBV
2281467,International Volleyball Federation,VBV
2281469,International Volleyball Federation,VBV
2281471,International Volleyball Federation,VBV
2281472,International Volleyball Federation,VBV
3002003,South Africa,VBV
3052943,International Volleyball Federation,VBV
1958435,Ireland,BOX
1958462,United States of America,BOX
1958696,Kazakhstan,BOX
1958816,France,BOX
1958835,Paris 2024 Boxing Unit,BOX
1958863,Puerto Rico,BOX
1958875,Guatemala,BOX
1972217,Azerbaijan,BOX
1972380,Paris 2024 Boxing Unit,BOX
1979320,Uzbekistan,BOX
1979476,Paris 2024 Boxing Unit,BOX
1979546,Paris 2024 Boxing Unit,BOX
1993466,Paris 2024 Boxing Unit,BOX
1993467,Paris 2024 Boxing Unit,BOX
1993468,Paris 2024 Boxing Unit,BOX
1993469,Paris 2024 Boxing Unit,BOX
1993470,Paris 2024 Boxing Unit,BOX
1993544,Paris 2024 Boxing Unit,BOX
1993545,Paris 2024 Boxing Unit,BOX
1993546,Paris 2024 Boxing Unit,BOX
1993547,Paris 2024 Boxing Unit,BOX
1993548,Paris 2024 Boxing Unit,BOX
1993549,Paris 2024 Boxing Unit,BOX
1993550,Paris 2024 Boxing Unit,BOX
1993551,Paris 2024 Boxing Unit,BOX
1993552,Paris 2024 Boxing Unit,BOX
1993553,Paris 2024 Boxing Unit,BOX
1993554,Paris 2024 Boxing Unit,BOX
1993555,Paris 2024 Boxing Unit,BOX
1993556,Paris 2024 Boxing Unit,BOX
1993557,Paris 2024 Boxing Unit,BOX
1993558,Paris 2024 Boxing Unit,BOX
1994107,Paris 2024 Boxing Unit,BOX
1994108,Paris 2024 Boxing Unit,BOX
1994109,Paris 2024 Boxing Unit,BOX
1994110,Paris 2024 Boxing Unit,BOX
1994111,Paris 2024 Boxing Unit,BOX
1994112,Paris 2024 Boxing Unit,BOX
2005674,Paris 2024 Boxing Unit,BOX
2005675,Paris 2024 Boxing Unit,BOX
2005676,Paris 2024 Boxing Unit,BOX
2005677,Paris 2024 Boxing Unit,BOX
2005678,Paris 2024 Boxing Unit,BOX
2005679,Paris 2024 Boxing Unit,BOX
2005680,Paris 2024 Boxing Unit,BOX
2005681,Paris 2024 Boxing Unit,BOX
2005682,Paris 2024 Boxing Unit,BOX
2005683,Norway,BOX
2005684,Hungary,BOX
2005685,Netherlands,BOX
2005686,Paris 2024 Boxing Unit,BOX
2005687,Paris 2024 Boxing Unit,BOX
2005688,Czechia,BOX
2005690,Paris 2024 Boxing Unit,BOX
2005691,Germany,BOX
2005692,Paris 2024 Boxing Unit,BOX
2005693,Estonia,BOX
2005694,Paris 2024 Boxing Unit,BOX
2005695,Paris 2024 Boxing Unit,BOX
2005696,Bulgaria,BOX
2005697,Canada,BOX
2005698,Estonia,BOX
2005699,Paris 2024 Boxing Unit,BOX
2005700,Paris 2024 Boxing Unit,BOX
2005701,Paris 2024 Boxing Unit,BOX
2005702,Paris 2024 Boxing Unit,BOX
2005703,Paris 2024 Boxing Unit,BOX
2005704,Argentina,BOX
2005705,Slovakia,BOX
2005706,Paris 2024 Boxing Unit,BOX
2005707,Paris 2024 Boxing Unit,BOX
2005708,Paris 2024 Boxing Unit,BOX
2005709,Paris 2024 Boxing Unit,BOX
2005710,Canada,BOX
2005711,Argentina,BOX
2005712,Paris 2024 Boxing Unit,BOX
2005713,Hungary,BOX
2005714,Australia,BOX
2005715,Great Britain,BOX
2005716,Paris 2024 Boxing Unit,BOX
2005717,Chinese Taipei,BOX
2005718,Paris 2024 Boxing Unit,BOX
2005719,Paris 2024 Boxing Unit,BOX
2005720,Paris 2024 Boxing Unit,BOX
2005721,Paris 2024 Boxing Unit,BOX
2005722,Republic of Korea,BOX
2005723,Paris 2024 Boxing Unit,BOX
2005724,Republic of Korea,BOX
2005725,Paris 2024 Boxing Unit,BOX
2005726,Paris 2024 Boxing Unit,BOX
2005727,Paris 2024 Boxing Unit,BOX
2005728,Paris 2024 Boxing Unit,BOX
2005729,Paris 2024 Boxing Unit,BOX
2005730,Paris 2024 Boxing Unit,BOX
2005731,Paris 2024 Boxing Unit,BOX
2005733,Paris 2024 Boxing Unit,BOX
2005734,Paris 2024 Boxing Unit,BOX
2005735,Paris 2024 Boxing Unit,BOX
2005737,Paris 2024 Boxing Unit,BOX
2014175,Paris 2024 Boxing Unit,BOX
2014176,Kazakhstan,BOX
2014177,Sri Lanka,BOX
2014178,India,BOX
2014179,Paris 2024 Boxing Unit,BOX
2014180,Paris 2024 Boxing Unit,BOX
2014182,Paris 2024 Boxing Unit,BOX
2014183,Indonesia,BOX
2014230,Morocco,BOX
2014600,Paris 2024 Boxing Unit,BOX
2481849,Paris 2024 Boxing Unit,BOX
2871936,Paris 2024 Boxing Unit,BOX
2871948,Paris 2024 Boxing Unit,BOX
2871958,Paris 2024 Boxing Unit,BOX
2871969,Paris 2024 Boxing Unit,BOX
2871999,Paris 2024 Boxing Unit,BOX
2872012,Philippines,BOX
2872023,Morocco,BOX
2872035,Islamic Republic of Iran,BOX
2872046,Algeria,BOX
2872050,Mongolia,BOX
2872377,Paris 2024 Boxing Unit,BOX
2872584,Paris 2024 Boxing Unit,BOX
2872818,Islamic Republic of Iran,BOX
2873696,Paris 2024 Boxing Unit,BOX
2873804,Paris 2024 Boxing Unit,BOX
2873953,Paris 2024 Boxing Unit,BOX
2875808,Paris 2024 Boxing Unit,BOX
2876696,Paris 2024 Boxing Unit,BOX
3518627,Paris 2024 Boxing Unit,BOX
4654128,Paris 2024 Boxing Unit,BOX
4654138,Germany,BOX
1988167,Slovakia,BKG
1997639,Germany,BKG
1997650,France,BKG
1997675,Spain,BKG
1997676,Ukraine,BKG
1998243,Brazil,BKG
2003348,Republic of Korea,BKG
2008524,Japan,BKG
2310748,United States of America,BKG
4193219,People's Republic of China,BKG
1906878,Union Cycliste Internationale,BMX
1941151,Union Cycliste Internationale,BMX
1941779,Australia,BMX
1941791,Great Britain,BMX
1943350,Great Britain,BMX
1949352,Argentina,BMX
1956115,United States of America,BMX
1956714,France,BMX
1957925,Italy,BMX
2490916,Union Cycliste Internationale,BMX
2490918,Union Cycliste Internationale,BMX
2490919,Union Cycliste Internationale,BMX
1990684,United States of America,FBL
1990685,Germany,FBL
1990686,Tonga,FBL
1990687,Italy,FBL
1990688,Brazil,FBL
1990690,Great Britain,FBL
1990691,Great Britain,FBL
1990692,Germany,FBL
1990693,New Zealand,FBL
1990695,Portugal,FBL
1990697,Italy,FBL
1990698,Jordan,FBL
1990700,Australia,FBL
1990702,Republic of Korea,FBL
1990703,United States of America,FBL
1990704,Great Britain,FBL
1990705,Spain,FBL
1990706,France,FBL
1990707,Great Britain,FBL
1990710,Netherlands,FBL
1990711,Canada,FBL
1990714,Uruguay,FBL
1990715,Japan,FBL
1990716,Guatemala,FBL
1990717,Germany,FBL
1990718,Portugal,FBL
1990719,People's Republic of China,FBL
1990720,Kyrgyzstan,FBL
1990721,Egypt,FBL
1990736,Jamaica,FBL
1994510,Palestine,FBL
2005147,Brazil,FBL
2005151,United Arab Emirates,FBL
2005153,Brazil,FBL
2005159,Mauritania,FBL
2005161,Kyrgyzstan,FBL
2005166,Venezuela,FBL
2005170,Serbia,FBL
2005179,Norway,FBL
2005180,Argentina,FBL
2005181,Uruguay,FBL
2005182,Canada,FBL
2005183,Mexico,FBL
2005188,Morocco,FBL
2005189,New Zealand,FBL
2005190,Republic of Korea,FBL
2005191,Denmark,FBL
2005193,France,FBL
2005195,Honduras,FBL
2005200,Sweden,FBL
2005201,Sweden,FBL
2005206,United States of America,FBL
2005218,Great Britain,FBL
2005219,Japan,FBL
2009147,Jamaica,FBL
2009149,Sudan,FBL
2009154,Uzbekistan,FBL
2009168,Uganda,FBL
2288825,Islamic Republic of Iran,FBL
3521177,Great Britain,FBL
1994151,International Handball Federation,HBL
1994152,International Handball Federation,HBL
1994153,International Handball Federation,HBL
1994154,International Handball Federation,HBL
1994155,International Handball Federation,HBL
1994156,International Handball Federation,HBL
1994157,International Handball Federation,HBL
1994158,International Handball Federation,HBL
1994159,International Handball Federation,HBL
1994160,International Handball Federation,HBL
1994161,International Handball Federation,HBL
1994162,International Handball Federation,HBL
1994163,International Handball Federation,HBL
1994164,International Handball Federation,HBL
1994165,International Handball Federation,HBL
1994166,International Handball Federation,HBL
1994167,International Handball Federation,HBL
1994168,International Handball Federation,HBL
1994169,International Handball Federation,HBL
1994170,International Handball Federation,HBL
1994171,International Handball Federation,HBL
1994172,International Handball Federation,HBL
1994173,International Handball Federation,HBL
1994174,International Handball Federation,HBL
1994175,International Handball Federation,HBL
1994177,International Handball Federation,HBL
1994178,International Handball Federation,HBL
1994179,International Handball Federation,HBL
1994180,International Handball Federation,HBL
1994181,International Handball Federation,HBL
1994182,International Handball Federation,HBL
1994183,International Handball Federation,HBL
2844406,Spain,HBL
2844513,Norway,HBL
2844649,Switzerland,HBL
2844759,Sweden,HBL
3047340,Montenegro,HBL
3047342,Algeria,HBL
3047343,Algeria,HBL
3047344,Argentina,HBL
3047345,Argentina,HBL
3047346,Bosnia and Herzegovina,HBL
3047347,Bosnia and Herzegovina,HBL
3047348,Czechia,HBL
3047349,Czechia,HBL
3047350,Denmark,HBL
3047351,Denmark,HBL
3047352,Spain,HBL
3047353,Spain,HBL
3047354,France,HBL
3047355,France,HBL
3047356,Germany,HBL
3047357,Germany,HBL
3047358,Germany,HBL
3047359,Germany,HBL
3047360,Hungary,HBL
3047361,Hungary,HBL
3047362,North Macedonia,HBL
3047363,North Macedonia,HBL
3047364,Montenegro,HBL
3047365,Norway,HBL
3047366,Slovenia,HBL
3047367,Slovenia,HBL
3047368,Switzerland,HBL
3047369,Sweden,HBL
1937992,Australia,HOC
1937993,Ireland,HOC
1937994,New Zealand,HOC
1937996,Trinidad and Tobago,HOC
1938000,Singapore,HOC
1938001,Great Britain,HOC
1938002,New Zealand,HOC
1938004,Japan,HOC
1938006,Argentina,HOC
1938007,New Zealand,HOC
1938008,Great Britain,HOC
1938009,Singapore,HOC
1938010,Argentina,HOC
1938014,Netherlands,HOC
1938015,Netherlands,HOC
1938016,Belgium,HOC
1938019,Poland,HOC
1938022,Great Britain,HOC
1938024,Great Britain,HOC
1938030,Great Britain,HOC
1938032,Australia,HOC
1942353,South Africa,HOC
1943476,South Africa,HOC
1948013,South Africa,HOC
1948034,India,HOC
2492445,Australia,HOC
