code,name,gender,function,organisation_long
1937701,MESSER KERSTING Thomas,Male,Referee,Germany
1937758,BERTRAND Eric,Male,Referee,Switzerland
1937785,HO Edmond,Male,Referee,"Hong Kong, China"
1937815,MICHAELIDES Markos-Elias,Male,Referee,Switzerland
1937848,MALISZEWSKI Marek,Male,Referee,Poland
1937858,CHAJIDDINE Najib,Male,Referee,France
1937879,GHIZDAREANU Vlad,Male,Referee,Romania
1937884,JURAS Jasmina,Female,Referee,Serbia
1937903,SHI Qirong,Female,Referee,People's Republic of China
1937919,KIM Gain,Female,Referee,Republic of Korea
1937973,CSABAI-KASKOTO Brigitta,Female,Referee,Hungary
1937982,OKATCH Dorothy,Female,Referee,Botswana
1938013,JACKSON Deanna,Female,Referee,United States of America
1938090,TALISAINEN Alex,Male,Referee,Estonia
1938099,CSENDER Andrada Monika,Female,Referee,Romania
1938104,VESKOVIC Vladimir,Male,Referee,Serbia
1995222,MEARY Aurelia,Female,Referee,France
1995226,BOIRE Elise,Female,Referee,France
1995228,BOUTONNET Gregoire,Male,Referee,France
1995229,PREL Nicolas,Male,Referee,France
1995231,TAEYE Corinne,Female,Referee,France
1995232,FAYS Francois,Male,Referee,France
1995233,FOREST Alexis,Male,Referee,France
1995236,MECHIN Celine,Female,Referee,France
1995237,SEVAUX Arnaud,Male,Referee,France
1995239,CORTINOVIS BEGLOT Chloe,Female,Referee,France
1995240,HENON Sandrine,Female,Referee,France
1995244,FRANCOIS Cedric,Male,Referee,France
3060392,BAS Andrej,Male,Referee,Slovenia
3060402,TRONTELJ Gorazd,Male,Referee,Slovenia
3060403,SHIMOYAMA Waka,Female,Referee,Japan
3060404,YAGI Aki,Female,Referee,Japan
3060405,MATSUMOTO Tsunemi,Female,Referee,Japan
3060406,HEGEDUSNE STION Eva,Female,Referee,Hungary
3060407,BOZJAK Ziga,Male,Referee,Slovenia
3060408,SANKOVIC Andraz,Male,Referee,Slovenia
3060409,GOGALA Eva,Female,Referee,Slovenia
3060410,FULOP Adam,Male,Referee,Hungary
3060411,JUG Ana,Female,Referee,Slovenia
3060412,KECSKEMETI Elizabeth,Female,Referee,Hungary
1550642,FUMEA Maria,Female,Judge,International Gymnastics Federation
1550643,LEUNG Li Li,Female,Judge,International Gymnastics Federation
1550645,MIAO Zhongyi,Male,Judge,International Gymnastics Federation
1550646,VALENZO AOKI Naomi Chieko,Female,Judge,International Gymnastics Federation
1550647,AL HITMI Ali,Male,Judge,International Gymnastics Federation
1550648,AL TABBAA Mouhammed Youssef,Male,Judge,International Gymnastics Federation
1550649,CELEN Suat,Male,Judge,International Gymnastics Federation
1550650,ESAWY Ehab,Male,Judge,International Gymnastics Federation
1550651,YAGI KITAGAWA Tammy,Female,Judge,International Gymnastics Federation
1550652,VALERIO Rogerio,Male,Judge,International Gymnastics Federation
1550653,MOWBRAY Denis,Male,Judge,International Gymnastics Federation
1550654,PEGAN Aljaz,Male,Judge,International Gymnastics Federation
1550655,PENICHE FRANCO Alejandro,Male,Judge,International Gymnastics Federation
1550656,PERRIERE Charles,Male,Judge,International Gymnastics Federation
1550657,TAEYMANS Rosy,Female,Judge,International Gymnastics Federation
1571122,ALSHATHRI A Rahman,Male,Judge,International Gymnastics Federation
1571123,KIM Nellia,Female,Judge,International Gymnastics Federation
1571124,TITOV Vasilii,Male,Judge,International Gymnastics Federation
1990795,MUKAI Naoko,Female,Judge,International Gymnastics Federation
1990866,CACHEMAILLE Celine,Female,Judge,International Gymnastics Federation
1990867,DETRAZ Stephane,Male,Judge,International Gymnastics Federation
1990868,MARTINET Sylvie,Female,Judge,International Gymnastics Federation
1990869,VINAGRE Rui,Male,Judge,International Gymnastics Federation
1990870,TERRIER Zina,Female,Judge,International Gymnastics Federation
2490861,DESPORTE Laurent,Male,Judge,France
2490864,de CARVALHO Sarah,Female,Judge,International Gymnastics Federation
2490876,BUYS Mickael,Male,Judge,International Gymnastics Federation
2490881,GAGNIERE Thomas,Male,Judge,France
2490887,MEREL Erwan,Male,Judge,International Gymnastics Federation
2973407,VALENZUELA GOMEZ Cesar Fernando,Male,Judge,International Gymnastics Federation
2973413,PALAMARA Ioulia,Female,Judge,International Gymnastics Federation
4968543,CAMPANILE Nicolas,Male,Judge,International Gymnastics Federation
2280241,de RENZIS Laura,Female,Judge,World Aquatics
2280242,VIZI Judit,Female,Judge,World Aquatics
2280243,KAVAKLIOGLU Marie,Female,Judge,World Aquatics
2280244,ASAHARA Fumiko,Female,Judge,World Aquatics
2280245,NAIDOO Jennifer,Female,Judge,World Aquatics
2280246,CROES Esther,Female,Judge,World Aquatics
2280247,LUO Xi,Female,Judge,World Aquatics
2280248,HAZLE Betty,Female,Judge,World Aquatics
2280249,KARAMPELA Despoina,Female,Judge,World Aquatics
2280250,PAVON Veronica,Female,Judge,World Aquatics
2280251,KARIMOVA Aliya,Female,Judge,World Aquatics
2280252,NEPOTACHEVA Anna,Female,Judge,World Aquatics
2280253,VIGLINO Gabriela,Female,Judge,World Aquatics
2280254,MONTERO Ana,Female,Judge,World Aquatics
2280255,SCHOTT Lisa,Female,Judge,World Aquatics
2280256,CHEW Steve,Male,Judge,World Aquatics
2280354,BAI Muwei,Female,Judge,World Aquatics
2280355,HEALD Kara,Female,Judge,World Aquatics
2280356,ZAPATA AGUDELO Lina Maria,Female,Judge,World Aquatics
2280357,ARRAM Iman,Female,Judge,World Aquatics
2280358,SHEPARD Lucia,Female,Judge,World Aquatics
2280359,SUMI Akiko,Female,Judge,World Aquatics
2280360,PRATT Ali,Female,Judge,World Aquatics
2280361,RUSSELL Cheryl,Female,Judge,World Aquatics
2280362,LERMAN Natalia,Female,Judge,World Aquatics
2280363,MONTEDONICO Sofia Victoria,Female,Judge,World Aquatics
2280364,GARCIA GENTA Luciana,Female,Judge,World Aquatics
2280365,OBERMARK FUNKE Petra,Female,Judge,World Aquatics
2280366,VEGA COUTO Marisol,Female,Judge,World Aquatics
2280367,GRICAR Iva,Female,Judge,World Aquatics
2280368,MUSSON Courtney,Female,Judge,World Aquatics
2280369,KEUR Rynske,Female,Judge,World Aquatics
2281520,ZWI Noam,Male,Judge,World Aquatics
2483779,GUT la RAGIONE Livia,Female,Judge,World Aquatics
2796266,LEFRANC Florence,Female,Judge,World Aquatics
2796280,BILLIET Marie Pascale,Female,Judge,World Aquatics
2796300,DOIMO Sandra,Female,Judge,World Aquatics
2796302,CUPILLARD Dominique,Female,Judge,World Aquatics
2796330,NEUVILLE Sylvie,Female,Judge,World Aquatics
1893012,CHIARI Roberto,Male,Referee,International Basketball Federation
1893016,THOMSON Mike,Male,Referee,International Basketball Federation
1893040,DUPUCHE Crystal,Female,Referee,International Basketball Federation
1893057,VAQUERA Alejandro,Male,Referee,International Basketball Federation
1893105,SHAFAGHI Shahrad,Male,Referee,International Basketball Federation
1893111,KAUPPINEN Hannu,Male,Referee,International Basketball Federation
1898273,HUNT Patrick,Male,Jury Member,International Basketball Federation
1898633,AL SHUWAILI Ahmed,Male,Referee,International Basketball Federation
1898640,ANAYA Julio,Male,Referee,International Basketball Federation
1898648,BAKI Kerem,Male,Referee,International Basketball Federation
1898669,BARTEL Andres,Male,Referee,International Basketball Federation
1898675,BATISTA Johnny,Male,Referee,International Basketball Federation
1898693,BEKER Scott,Male,Referee,International Basketball Federation
1898701,BERMUDEZ Omar,Male,Referee,International Basketball Federation
1898712,BONNER Amy,Female,Referee,International Basketball Federation
1898728,BURNS Blanca,Female,Referee,International Basketball Federation
1898782,CASTILLO Luis,Male,Referee,International Basketball Federation
1898799,CHUECA Ariadna,Female,Referee,International Basketball Federation
1898911,CONDE Antonio,Male,Referee,International Basketball Federation
1922183,DAHRA Amel,Female,Referee,International Basketball Federation
1922369,DAVIDSON Yann,Male,Referee,International Basketball Federation
1922396,FERNANDEZ Juan,Male,Referee,International Basketball Federation
1922432,FORSBERG Maj,Female,Referee,International Basketball Federation
1922550,GYORGYI Viola,Female,Referee,International Basketball Federation
1922569,KALLIO Matthew,Male,Referee,International Basketball Federation
1922591,KATO Takaki,Male,Referee,International Basketball Federation
1922614,KOZLOVSKIS Martins,Male,Referee,International Basketball Federation
1922689,KREJIC Boris,Male,Referee,International Basketball Federation
1928960,LISZKA Wojciech,Male,Referee,International Basketball Federation
1929700,TOOLEY Jim,Male,Jury Member,International Basketball Federation
1929719,BRENSCHEIDT Wolfgang,Male,Jury Member,International Basketball Federation
1929775,BARTLETT Michael,Male,Jury Member,International Basketball Federation
1948172,MIKHEYEV Yevgeniy,Male,Referee,International Basketball Federation
1948315,MOSTAFA Wael,Male,Referee,International Basketball Federation
1948497,NOUJAIM Rabah,Male,Referee,International Basketball Federation
1948922,PERALTA Carlos,Male,Referee,International Basketball Federation
1949000,PAEZ Kristian,Male,Referee,International Basketball Federation
1959180,SCHNEIDER Jill,Female,Jury Member,International Basketball Federation
1963610,PRAKSCH Peter,Male,Referee,International Basketball Federation
1963689,RENEAU Jenna,Female,Referee,International Basketball Federation
1963755,ROSSO Yohan,Male,Referee,International Basketball Federation
1963769,SALINS Gatis,Male,Referee,International Basketball Federation
1963784,VAZQUEZ Roberto,Male,Referee,International Basketball Federation
1963816,VULIC Martin,Male,Referee,International Basketball Federation
1963832,ZURAPOVIC Ademir,Male,Referee,International Basketball Federation
1963904,MALO Maripier,Female,Referee,International Basketball Federation
1963920,MAZZONI Manuel,Male,Referee,International Basketball Federation
1978063,RAMOS Armando,Male,Referee,International Basketball Federation
1978746,JULIEN Chantal,Female,Referee,International Basketball Federation
2292964,BOYER James,Male,Referee,International Basketball Federation
2491271,DOHOLLOU Loisa,Female,Referee,International Basketball Federation
2491272,ABID Valentin,Male,Referee,International Basketball Federation
2491273,BAERMANN Laetitia,Female,Referee,International Basketball Federation
2491274,BAILLY Laurence,Female,Referee,International Basketball Federation
2491275,BAUMARD Benjamin,Male,Referee,International Basketball Federation
2491276,BERNHARD Denis,Male,Referee,International Basketball Federation
2491277,BOOS Christelle,Female,Referee,International Basketball Federation
2491278,CASAL SOMOZA Emilia,Female,Referee,International Basketball Federation
2491279,CHERASSE Laurent,Male,Referee,International Basketball Federation
2491280,DELARUE Gregoire,Male,Referee,International Basketball Federation
2491281,DENISE Frederic,Male,Referee,International Basketball Federation
2491282,DESMIS David,Male,Referee,International Basketball Federation
2491283,DUBOIS Coralie,Female,Referee,International Basketball Federation
2491284,DUPREY David,Male,Referee,International Basketball Federation
2491285,DUTOYA Benedicte,Female,Referee,International Basketball Federation
2491286,ETIENNE Audrey,Female,Referee,International Basketball Federation
2491287,FRITZ Michele,Female,Referee,International Basketball Federation
2491288,GAUDIN Sophie,Female,Referee,International Basketball Federation
2491289,HENRIOT Gwennaelle,Female,Referee,International Basketball Federation
2491290,HERON Stephane,Male,Referee,International Basketball Federation
2491291,HUARD Francois,Male,Referee,International Basketball Federation
2491292,KOPP Audrey,Female,Referee,International Basketball Federation
2491293,LABORDE Marie Pierre,Female,Referee,International Basketball Federation
2491294,LAMARQUE Vincent,Male,Referee,International Basketball Federation
2491295,LAURANCY Cedric,Male,Referee,International Basketball Federation
2491296,LUSSON Stephane,Male,Referee,International Basketball Federation
2491297,MARTIN Hugo,Male,Referee,International Basketball Federation
2491298,MATTON Jean Pierre,Male,Referee,International Basketball Federation
2491299,MORENTE Jean Marc,Male,Referee,International Basketball Federation
2491300,POIRIER Emmanuelle,Female,Referee,International Basketball Federation
2491301,POURTAU Charlotte,Female,Referee,International Basketball Federation
2491302,ROCHE Fabrice,Male,Referee,International Basketball Federation
2491303,SARAMITO Isabelle,Female,Referee,International Basketball Federation
2491304,SAVIO Jose,Male,Referee,International Basketball Federation
2491305,SOUSSIA Benjamin,Male,Referee,International Basketball Federation
2491306,TANGUY Laura,Female,Referee,International Basketball Federation
2491307,USCLADE Virginie,Female,Referee,International Basketball Federation
2491308,VANCOILLIE Cedric,Male,Referee,International Basketball Federation
2491309,VERON Thierry,Male,Referee,International Basketball Federation
2491310,VIOLLEAU Anne Sophie,Female,Referee,International Basketball Federation
1894925,AMANTINO Giseli,Female,Referee,Brazil
1894942,CARVALHO Rui Jorge,Male,Referee,Portugal
1894943,HIEBERT Brian,Male,Referee,Canada
1894975,CRESCENTINI Davide,Male,Referee,Italy
1894978,WANG Lijun,Female,Referee,People's Republic of China
1894979,BEATIE Brigham,Male,Referee,United States of America
1895002,SATOMI Mariko,Female,Referee,Japan
1895006,SAAVEDRA CACERES Juan Carlos,Male,Referee,Colombia
1895011,DRUART Sylvain,Male,Referee,France
1895012,MYSZKOWSKA Agnieszka,Female,Referee,Poland
1895013,PAPADOGOULAS Charalampos,Male,Referee,Greece
1895018,LEKO Robert,Male,Referee,Serbia
1895019,GUILLEMETTE Lucie,Female,Challenge Referee,Canada
1895022,BENNETT John,Male,Challenge Referee,Australia
1895034,SUMAVIL Osvaldo,Male,Referee,Argentina
1895035,BRONISZ Robert,Male,Challenge Referee,Poland
1895040,PADRON Jose Maria,Male,Referee,Spain
1895048,MUKUNDIYUKURI Jean de Dieu,Male,Referee,Rwanda
2281445,ISNARD Adrien,Male,Line Judge,International Volleyball Federation
2281448,LEGRAND Olivier,Male,Line Judge,International Volleyball Federation
2281449,HORVAIS Azeline,Female,Line Judge,International Volleyball Federation
2281450,MENDES Zelio,Male,Line Judge,International Volleyball Federation
2281451,CHARRIERE Fabien,Male,Line Judge,International Volleyball Federation
2281452,de CASTRO Miguel,Male,Line Judge,International Volleyball Federation
2281454,NIEL Maxime,Male,Line Judge,International Volleyball Federation
2281455,TORRE Pietro,Male,Line Judge,International Volleyball Federation
2281456,le CORVIC Frank,Male,Line Judge,International Volleyball Federation
2281457,DENIS Olivier,Male,Line Judge,International Volleyball Federation
2281459,de THY Morgane,Female,Line Judge,International Volleyball Federation
2281460,TRANCHANT Sebastien,Male,Line Judge,International Volleyball Federation
2281461,CREPEL Stephane,Male,Line Judge,International Volleyball Federation
2281462,BRASSART Geoffrey,Male,Line Judge,International Volleyball Federation
2281463,AGESILAS Yael,Male,Line Judge,International Volleyball Federation
2281466,TANGUY Ludivine,Female,Line Judge,International Volleyball Federation
2281467,RANCHAL Lilian,Male,Line Judge,International Volleyball Federation
2281469,PIETRASIK Theo,Male,Line Judge,International Volleyball Federation
2281471,GREUILLET Laurence,Female,Line Judge,International Volleyball Federation
2281472,MAMERI Fahim,Male,Line Judge,International Volleyball Federation
3002003,BAKE Giovanni,Male,Referee,South Africa
3052943,BRUDEY Jean Francois,Male,Line Judge,International Volleyball Federation
1958435,McGARRIGLE Ben,Male,Referee,Ireland
1958462,REESE Shawn,Male,Referee,United States of America
1958696,ALTAYEV Alisher,Male,Referee,Kazakhstan
1958816,MOUHNI Abderrazzak,Male,Referee,France
1958835,BABANLI Anar,Male,Judge,Paris 2024 Boxing Unit
1958863,FERREIRA Emanuel,Male,Referee,Puerto Rico
1958875,PASTOR ARREAGA Emerson Alejandro,Male,Referee,Guatemala
1972217,GURBANALIYEV Emil,Male,Referee,Azerbaijan
1972380,MILAN PONCE Juan,Male,Judge,Paris 2024 Boxing Unit
1979320,PALVANOV Alisher,Male,Referee,Uzbekistan
1979476,MUHIDDINOV Mansur,Male,Judge,Paris 2024 Boxing Unit
1979546,JUMANIYAZOV Bahodir,Male,Judge,Paris 2024 Boxing Unit
1993466,BASTIAN Beatrice,Female,Judge,Paris 2024 Boxing Unit
1993467,BECKLES James,Male,Judge,Paris 2024 Boxing Unit
1993468,BILETSKYI Igor,Male,Judge,Paris 2024 Boxing Unit
1993469,CELEA Cristian-Georgica,Male,Judge,Paris 2024 Boxing Unit
1993470,COBZAC Ramona Manuela,Female,Judge,Paris 2024 Boxing Unit
1993544,SANKO Barbara,Female,Judge,Paris 2024 Boxing Unit
1993545,FISCHER Angelika,Female,Judge,Paris 2024 Boxing Unit
1993546,DREKE Erich,Male,Judge,Paris 2024 Boxing Unit
1993547,EMERY Doug,Male,Judge,Paris 2024 Boxing Unit
1993548,MORLEY Ray,Male,Judge,Paris 2024 Boxing Unit
1993549,SALVO Hernan,Male,Judge,Paris 2024 Boxing Unit
1993550,SANCHEZ Armando,Male,Judge,Paris 2024 Boxing Unit
1993551,SANTI Bernardino,Male,Judge,Paris 2024 Boxing Unit
1993552,SCAPPA Chiara,Female,Judge,Paris 2024 Boxing Unit
1993553,SHEVELOVA Olha,Female,Judge,Paris 2024 Boxing Unit
1993554,SHTYFURA Polina,Female,Judge,Paris 2024 Boxing Unit
1993555,SOTO Andrews L,Male,Judge,Paris 2024 Boxing Unit
1993556,TRIKALIOTIS Panagiotis,Male,Judge,Paris 2024 Boxing Unit
1993557,VILLARREAL Angel Luis,Male,Judge,Paris 2024 Boxing Unit
1993558,WONG William Alexander,Male,Judge,Paris 2024 Boxing Unit
1994107,RAVEL Stephanie,Female,Judge,Paris 2024 Boxing Unit
1994108,MENARA Mario,Male,Judge,Paris 2024 Boxing Unit
1994109,HADJRI Mokhtar,Male,Judge,Paris 2024 Boxing Unit
1994110,GOSSELIN Severine,Female,Judge,Paris 2024 Boxing Unit
1994111,SILBERMANN Philippe,Male,Judge,Paris 2024 Boxing Unit
1994112,OUBAALI S Mail,Male,Judge,Paris 2024 Boxing Unit
2005674,LAUKKANEN Anna,Female,Judge,Paris 2024 Boxing Unit
2005675,WILSON Rosalind,Female,Judge,Paris 2024 Boxing Unit
2005676,MACDIARMADA Diarmuid,Male,Judge,Paris 2024 Boxing Unit
2005677,NORFORD Micky,Male,Judge,Paris 2024 Boxing Unit
2005678,PENA CLEMENTE Felix Francisco,Male,Judge,Paris 2024 Boxing Unit
2005679,BLANCHARD Edward,Male,Judge,Paris 2024 Boxing Unit
2005680,BOBINAS Vilmantas,Male,Judge,Paris 2024 Boxing Unit
2005681,CALO-OY Mark,Male,Judge,Paris 2024 Boxing Unit
2005682,CANNELL Geoffrey,Male,Judge,Paris 2024 Boxing Unit
2005683,DAHLEN Geir,Male,Referee,Norway
2005684,BEKI Piroska,Female,Referee,Hungary
2005685,DUNAR Cem,Male,Referee,Netherlands
2005686,FALORNI Paola,Female,Judge,Paris 2024 Boxing Unit
2005687,FRANCHI Carlo,Male,Judge,Paris 2024 Boxing Unit
2005688,GASPAR Antonin,Male,Referee,Czechia
2005690,HANEVICS Leonids,Male,Judge,Paris 2024 Boxing Unit
2005691,KOPKE Susann,Female,Referee,Germany
2005692,LYUBARSKYY Yuriy,Male,Judge,Paris 2024 Boxing Unit
2005693,MELISS Dmitri,Male,Referee,Estonia
2005694,MIETLA Kazimierz,Male,Judge,Paris 2024 Boxing Unit
2005695,OLANDER Mats,Male,Judge,Paris 2024 Boxing Unit
2005696,PAVLOV Pavel,Male,Referee,Bulgaria
2005697,PETERSON Wade,Male,Referee,Canada
2005698,PETERSON Jakov,Male,Referee,Estonia
2005699,POPOV Ivan,Male,Judge,Paris 2024 Boxing Unit
2005700,RAMAJ Naim,Male,Judge,Paris 2024 Boxing Unit
2005701,RIVERA Don,Male,Judge,Paris 2024 Boxing Unit
2005702,RIZZARDO Maria,Female,Judge,Paris 2024 Boxing Unit
2005703,SCHRODER Jurgen,Male,Judge,Paris 2024 Boxing Unit
2005704,SERVIDE Roberto Fernando,Male,Referee,Argentina
2005705,SIMON Radoslav,Male,Referee,Slovakia
2005706,SNIUKSTA Gintaras,Male,Judge,Paris 2024 Boxing Unit
2005707,HAMMER SORENSEN Jorgen,Male,Judge,Paris 2024 Boxing Unit
2005708,VASILIAUSKAS Rytis,Male,Judge,Paris 2024 Boxing Unit
2005709,VASYLYNCHUK Pavlo,Male,Judge,Paris 2024 Boxing Unit
2005710,VERHOEVEN Jeffery,Male,Referee,Canada
2005711,VILARINO Manuel,Male,Referee,Argentina
2005712,PIKE David,Male,Judge,Paris 2024 Boxing Unit
2005713,SZUCS Veronika,Female,Referee,Hungary
2005714,RUHEN Carl,Male,Referee,Australia
2005715,INNES Lee,Male,Referee,Great Britain
2005716,MA Jonghyo,Male,Judge,Paris 2024 Boxing Unit
2005717,LIN Chia Chan,Female,Referee,Chinese Taipei
2005718,LEE Hyeok,Female,Judge,Paris 2024 Boxing Unit
2005719,KURGINIAN Artur,Male,Judge,Paris 2024 Boxing Unit
2005720,KRUTASOV Sergei,Male,Referee,Paris 2024 Boxing Unit
2005721,KIM Jihyun,Male,Judge,Paris 2024 Boxing Unit
2005722,KIM Jongjin,Male,Referee,Republic of Korea
2005723,MIHAI Ion,Male,Judge,Paris 2024 Boxing Unit
2005724,CHO Jungsook,Female,Referee,Republic of Korea
2005725,CHANG Yu Ling,Female,Judge,Paris 2024 Boxing Unit
2005726,ALLAN CAMPBELL Beau,Male,Judge,Paris 2024 Boxing Unit
2005727,ZELIKOWICZ Luis,Male,Judge,Paris 2024 Boxing Unit
2005728,STEPHENS JOHN Deborah Ann,Female,Judge,Paris 2024 Boxing Unit
2005729,VONG Kuok Veng,Male,Judge,Paris 2024 Boxing Unit
2005730,JAYASINHA Eesajith,Male,Judge,Paris 2024 Boxing Unit
2005731,WHIPPY Ratu Seru,Male,Judge,Paris 2024 Boxing Unit
2005733,CHAPLIN David,Male,Judge,Paris 2024 Boxing Unit
2005734,DZIURGOT Maciej,Male,Judge,Paris 2024 Boxing Unit
2005735,STEFANSKI Filip,Male,Judge,Paris 2024 Boxing Unit
2005737,MADEN Johany,Male,Judge,Paris 2024 Boxing Unit
2014175,NI Marina,Female,Judge,Paris 2024 Boxing Unit
2014176,SUIYENISH Yermek,Male,Referee,Kazakhstan
2014177,THAMPU Nelka,Female,Referee,Sri Lanka
2014178,SAI ASHOK Kabilan,Male,Referee,India
2014179,SAFRASK Mohamed,Male,Judge,Paris 2024 Boxing Unit
2014180,MOUFASSIR Said,Male,Judge,Paris 2024 Boxing Unit
2014182,BORKOEVA Zhamila,Female,Judge,Paris 2024 Boxing Unit
2014183,POHAN Muhammad,Male,Referee,Indonesia
2014230,ABBAR Bachir,Male,Referee,Morocco
2014600,BATYROV Nurbek,Male,Judge,Paris 2024 Boxing Unit
2481849,CARTER Ingrid Dannette,Female,Judge,Paris 2024 Boxing Unit
2871936,BADJI Riadh,Male,Judge,Paris 2024 Boxing Unit
2871948,KAZAKOV Dilshod,Male,Judge,Paris 2024 Boxing Unit
2871958,MENCHAOUI Hichem,Male,Judge,Paris 2024 Boxing Unit
2871969,TSERENKHAND Tsogtgerel,Female,Judge,Paris 2024 Boxing Unit
2871999,BEKPENBETOV Bakytzhan,Male,Judge,Paris 2024 Boxing Unit
2872012,ABALOS Maximo,Male,Referee,Philippines
2872023,SOUILMI Mouhsine,Male,Referee,Morocco
2872035,BORDBAR HAGHIGHI SABET Babak,Male,Referee,Islamic Republic of Iran
2872046,MOKRETARI Sid Ali,Male,Referee,Algeria
2872050,BYAMBABAYAR Atarbayar,Male,Referee,Mongolia
2872377,ADEOTI Mosunmola,Female,Judge,Paris 2024 Boxing Unit
2872584,ILDEBAYEVA Ainur,Female,Judge,Paris 2024 Boxing Unit
2872818,SADEGH POOR Farzad,Male,Referee,Islamic Republic of Iran
2873696,SRICHAISAWAT Paiboon,Male,Judge,Paris 2024 Boxing Unit
2873804,IGUBAYEV Aslan,Male,Judge,Paris 2024 Boxing Unit
2873953,AMMOURA Nacera,Female,Judge,Paris 2024 Boxing Unit
2875808,NASIROVA Leyla Arif Qizi,Female,Judge,Paris 2024 Boxing Unit
2876696,SVYATOCHA Boris,Male,Judge,Paris 2024 Boxing Unit
3518627,PICSON Maria Karina,Female,Judge,Paris 2024 Boxing Unit
4654128,BARTHE SADRAN Marie,Female,Judge,Paris 2024 Boxing Unit
4654138,KUSSMAUL Holger,Male,Referee,Germany
1988167,MGBILITY,Male,Head Judge,Slovakia
1997639,FROST,Female,Judge B,Germany
1997650,DOM-K,Male,Judge H,France
1997675,JESS,Female,Judge E,Spain
1997676,INTACT,Male,Judge I,Ukraine
1998243,MIGAZ,Male,Judge D,Brazil
2003348,VIRUS,Male,Judge G,Republic of Korea
2008524,KAZUHIRO,Male,Judge A,Japan
2310748,MOY,Male,Judge C,United States of America
4193219,KOWLOON,Male,Judge F,People's Republic of China
1906878,SMAK Wouter,Male,Judge,Union Cycliste Internationale
1941151,BLATT Scott,Male,Judge,Union Cycliste Internationale
1941779,DILLEWAARD Dave,Male,Judge,Australia
1941791,CLEWORTH David,Male,Head Judge,Great Britain
1943350,HUGHES Christi,Female,Judge,Great Britain
1949352,JURGENS Axel,Male,Judge,Argentina
1956115,KACHINSKY Brian,Male,Judge,United States of America
1956714,NOIROT Romuald,Male,Judge,France
1957925,TOSI Fulvia,Female,Judge,Italy
2490916,VERBOOM Jef,Male,Judge,Union Cycliste Internationale
2490918,ROLHION Olivier,Male,Judge,Union Cycliste Internationale
2490919,ADRIX Remi,Male,Judge,Union Cycliste Internationale
1990684,CHIAMPAS George,Male,Referee,United States of America
1990685,DUEHMERT Katharina,Female,Referee,Germany
1990686,FEKE Penateti,Female,Referee,Tonga
1990687,FUSTAGNO Fiorella,Female,Referee,Italy
1990688,TERRA Tadeu,Male,Referee,Brazil
1990690,BILLINGHAM Johsan,Male,Referee,Great Britain
1990691,BOYCE Steve,Male,Referee,Great Britain
1990692,CARPINTEIRO ZIMMERMANN Philip,Male,Referee,Germany
1990693,DEAN Pauline,Female,Referee,New Zealand
1990695,ARAUJO Joao,Male,Referee,Portugal
1990697,FOFI Lorenzo,Male,Referee,Italy
1990698,HAMARSHA Zeina,Female,Referee,Jordan
1990700,ILIC James,Male,Referee,Australia
1990702,LEE Jae,Male,Referee,Republic of Korea
1990703,LENA Felix,Male,Referee,United States of America
1990704,MACLEAN John,Male,Referee,Great Britain
1990705,MATEOS Andres,Male,Referee,Spain
1990706,MERZOUK Mehdi,Male,Referee,France
1990707,PATEL Sameer,Male,Referee,Great Britain
1990710,SCHEPERBOER Coen,Male,Referee,Netherlands
1990711,SHENOUDA Emad,Male,Referee,Canada
1990714,TOBIAS Guillermo,Male,Referee,Uruguay
1990715,UCHIDA Shintaro,Male,Referee,Japan
1990716,VELASQUEZ Pedro,Male,Referee,Guatemala
1990717,WEILER Richard,Male,Referee,Germany
1990718,TAVARES Eduardo,Male,Referee,Portugal
1990719,DAI Jessie,Female,Referee,People's Republic of China
1990720,LUZANOV Pavel,Male,Referee,Kyrgyzstan
1990721,NASSAR Khaled,Male,Referee,Egypt
1990736,DACOSTA Latoya,Female,Referee,Jamaica
1994510,ABUJABER Iman,Female,Referee,Palestine
2005147,ABATTI Ramon,Male,Referee,Brazil
2005151,AL NAQBI Adel,Male,Referee,United Arab Emirates
2005153,ALVES Edina,Female,Referee,Brazil
2005159,BEIDA Dahane,Male,Referee,Mauritania
2005161,BERNATSKAIA Veronika,Female,Referee,Kyrgyzstan
2005166,CALDERAS Emikar,Female,Referee,Venezuela
2005170,CVETKOVIC Jelena,Female,Referee,Serbia
2005179,ESKAS Espen,Male,Referee,Norway
2005180,FALCON Yael,Male,Referee,Argentina
2005181,FERNANDEZ Anahi,Female,Referee,Uruguay
2005182,FISCHER Drew,Male,Referee,Canada
2005183,GARCIA Katia,Female,Referee,Mexico
2005188,KARBOUBI Bouchra,Female,Referee,Morocco
2005189,KAWANA-WAUGH Campbell-Kirk,Male,Referee,New Zealand
2005190,KIM Yujeong,Female,Referee,Republic of Korea
2005191,KLARLUND Frida,Female,Referee,Denmark
2005193,LETEXIER Francois,Male,Referee,France
2005195,MARTINEZ Said,Male,Referee,Honduras
2005200,NYBERG Glenn,Male,Referee,Sweden
2005201,OLOFSSON Tess,Female,Referee,Sweden
2005206,PENSO Tori,Female,Referee,United States of America
2005218,WELCH Rebecca,Female,Referee,Great Britain
2005219,YAMASHITA Yoshimi,Female,Referee,Japan
2009147,HAMILTON Odette,Female,Referee,Jamaica
2009149,ISMAIL Mahmood,Male,Referee,Sudan
2009154,TANTASHEV Ilgiz,Male,Referee,Uzbekistan
2009168,NABADDA Shamirah,Female,Referee,Uganda
2288825,SHAHRIYARI Paria,Female,Referee,Islamic Republic of Iran
3521177,OOMMEN George,Male,Referee,Great Britain
1994151,GUILLEMOT Vincent,Male,Referee,International Handball Federation
1994152,LEFORT Yohan,Male,Referee,International Handball Federation
1994153,CASTAGNO Frederic,Male,Referee,International Handball Federation
1994154,GRUMEL Nicolas,Male,Referee,International Handball Federation
1994155,RICHEL Marie,Female,Referee,International Handball Federation
1994156,VINCENT Tatiana,Female,Referee,International Handball Federation
1994157,PRUDHOMME Eddy,Male,Referee,International Handball Federation
1994158,LAMY Jacques,Male,Referee,International Handball Federation
1994159,RENAULT Romain,Male,Referee,International Handball Federation
1994160,de la CROIX Marie Laure,Female,Referee,International Handball Federation
1994161,NOUVEL Jerome,Male,Referee,International Handball Federation
1994162,BENRHAZAL Mohamed,Male,Referee,International Handball Federation
1994163,SMITS Nathalie,Female,Referee,International Handball Federation
1994164,CARON Christophe,Male,Referee,International Handball Federation
1994165,FERRIER Eduardo,Male,Referee,International Handball Federation
1994166,EL MEDIOUNI Najet,Female,Referee,International Handball Federation
1994167,VAILLANT Patrice,Male,Referee,International Handball Federation
1994168,CALLIGARIS Laurent,Male,Referee,International Handball Federation
1994169,CALLIGARIS Florian,Male,Referee,International Handball Federation
1994170,VERCHERE Thomas,Male,Referee,International Handball Federation
1994171,THOMAZO Alann,Male,Referee,International Handball Federation
1994172,LEIDWANGER Stephane,Male,Referee,International Handball Federation
1994173,BOBIN Thierry,Male,Referee,International Handball Federation
1994174,SOBOLEWSKI Detlef,Male,Referee,International Handball Federation
1994175,VERNET Gauthier,Male,Referee,International Handball Federation
1994177,DAVID Audrey,Female,Referee,International Handball Federation
1994178,PICARD Sylvie,Female,Referee,International Handball Federation
1994179,GRALL LEMAITRE Flore,Female,Referee,International Handball Federation
1994180,ALMEIDA Manuel,Male,Referee,International Handball Federation
1994181,COQUIN Johann,Male,Referee,International Handball Federation
1994182,GANDON Maxime,Male,Referee,International Handball Federation
1994183,CAPLIEZ Virginie,Female,Referee,International Handball Federation
2844406,MULLER-THYSSEN Maria,Male,Referee,Spain
2844513,JORUM Lars,Male,Referee,Norway
2844649,SALAH Morad,Male,Referee,Switzerland
2844759,KURTAGIC Mirza,Male,Referee,Sweden
3047340,PAVICEVIC Ivan,Male,Referee,Montenegro
3047342,BELKHIRI Youcef,Male,Referee,Algeria
3047343,HAMIDI Sidali,Male,Referee,Algeria
3047344,PAOLANTONI Maria Ines,Female,Referee,Argentina
3047345,GARCIA Mariana,Female,Referee,Argentina
3047346,KONJICANIN Dino,Male,Referee,Bosnia and Herzegovina
3047347,KONJICANIN Amar,Male,Referee,Bosnia and Herzegovina
3047348,HORACEK Vaclav,Male,Referee,Czechia
3047349,NOVOTNY Jiri,Male,Referee,Czechia
3047350,HANSEN Mads,Male,Referee,Denmark
3047351,MADSEN Jesper,Male,Referee,Denmark
3047352,MARIN LORENTE Andreu,Male,Referee,Spain
3047353,GARCIA Ignacio,Male,Referee,Spain
3047354,BONAVENTURA Julie,Female,Referee,France
3047355,BONAVENTURA Charlotte,Female,Referee,France
3047356,SCHULZE Robert,Male,Referee,Germany
3047357,TOENNIES Tobias,Male,Referee,Germany
3047358,MERZ Maike,Female,Referee,Germany
3047359,KUTTLER Tanja,Female,Referee,Germany
3047360,BIRO Adam,Male,Referee,Hungary
3047361,KISS Oliver,Male,Referee,Hungary
3047362,NACHEVSKI Gjorgji,Male,Referee,North Macedonia
3047363,NIKOLOV Slave,Male,Referee,North Macedonia
3047364,RAZNATOVIC Milos,Male,Referee,Montenegro
3047365,KLEVEN Havard,Male,Referee,Norway
3047366,LAH Bojan,Male,Referee,Slovenia
3047367,SOK David,Male,Referee,Slovenia
3047368,BRUNNER Arthur,Male,Referee,Switzerland
3047369,WETTERWIK Mattias,Male,Referee,Sweden
1937992,NEUMANN Aleisha,Female,Umpire,Australia
1937993,KEOGH Alison,Female,Umpire,Ireland
1937994,CHURCH Amber,Female,Umpire,New Zealand
1937996,McCLEAN Ayanna,Female,Umpire,Trinidad and Tobago
1938000,TAN Cookie,Female,Umpire,Singapore
1938001,BARSTOW Daniel,Male,Umpire,Great Britain
1938002,TOMLINSON David,Male,Umpire,New Zealand
1938004,YAMADA Emi,Female,Umpire,Japan
1938006,LABATE Gabriel,Male,Umpire,Argentina
1938007,GREENFIELD Gareth,Male,Umpire,New Zealand
1938008,HARRISON Hannah,Female,Umpire,Great Britain
1938009,LIM Hong Zhen,Male,Umpire,Singapore
1938010,PRESENQUI Irene,Female,Umpire,Argentina
1938014,VAN'T HEK Jonas,Male,Umpire,Netherlands
1938015,van BUNGE Coen,Male,Umpire,Netherlands
1938016,DELFORGE Laurine,Female,Umpire,Belgium
1938019,GROCHAL Marcin,Male,Umpire,Poland
1938022,MADDEN Martin,Male,Umpire,Great Britain
1938024,WILLIAMS Rachel,Female,Umpire,Great Britain
1938030,WILSON Sarah,Female,Umpire,Great Britain
1938032,ROGERS Steve,Male,Umpire,Australia
1942353,VENTER Wanri,Female,Umpire,South Africa
1943476,RAPAPORT Sean,Male,Umpire,South Africa
1948013,ROSTRON Annelize,Female,Umpire,South Africa
1948034,PRASAD Raghu,Male,Umpire,India
2492445,NEWMAN Zeke,Male,Umpire,Australia
