code,name,gender,disciplines,birth_date,occupation,country_code
1532872,ALEKSANYAN Artur,Male,Wrestling,21/10/1991, ,ARM
1532873,AMOYAN Malkhas,Male,Wrestling,22/1/1999,,ARM
1532874,GALSTYAN Slavik,Male,Wrestling,21/12/1996,,ARM
1532944,HARUTYUNYAN Arsen,Male,Wrestling,22/11/1999, ,ARM
1532945,TEVANYAN Vazgen,Male,Wrestling,27/10/1999, ,ARM
1532951,ARENAS Lorena,Female,Athletics,17/9/1993, ,COL
1533112,McKENZIE Ashley,Male,Judo,17/7/1989, ,JAM
1533136,BASS BITTAYE Gina Mariam,Female,Athletics,3/5/1995,police officer (sub-inspector),GAM
1533176,CAMARA Ebrahima,Male,Athletics,18/9/1996,prison officer,GAM
1533188,RUEDA SANTOS Lizeth,Female,Triathlon,7/3/1994, ,MEX
1533189,TAPIA VIDAL Rosa Maria,Female,Triathlon,27/8/1997, ,MEX
1533190,GRAJALES Crisanto,Male,Triathlon,6/5/1987, ,MEX
1533208,MAAROUFOU Hachim,Male,Athletics,13/2/1997, ,COM
1533209,SAADI Maesha,Female,Swimming,16/1/2007,student,COM
1533230,DIOSDADO Nuria,Female,Artistic Swimming,22/8/1990,sport soldier,MEX
1533231,JIMENEZ Joana,Female,Artistic Swimming,19/8/1993,  sport soldier,MEX
1533232,SOBRINO Jessica,Female,Artistic Swimming,26/5/1994, ,MEX
1533234,ALFEREZ Regina,Female,Artistic Swimming,1/12/1997, ,MEX
1533235,ARELLANO Fernanda,Female,Artistic Swimming,28/2/2002,student,MEX
1533237,TOSCANO Pamela,Female,Artistic Swimming,13/1/2000,sport soldier,MEX
1533239,GONZALEZ Itzamary,Female,Artistic Swimming,14/11/2003, ,MEX
1533240,RODRIGUEZ Samanta,Female,Artistic Swimming,5/12/1994, ,MEX
1533243,INZUNZA Glenda,Female,Artistic Swimming,12/3/2000,,MEX
1533245,SEHEN Sajjad,Male,Judo,8/3/1996,,IRQ
1533359,RUBAIAWI Ali Ammar Yusur,Male,Weightlifting,2/8/2004, ,IRQ
1533364,ISMAIL Mohamed,Male,Athletics,1/1/1997,sport soldier,DJI
1533371,HASSAN Ibrahim,Male,Athletics,1/1/1997,soldier with the Djiboutian Republican Guard,DJI
1533372,WAISS Abdi,Male,Athletics,3/7/1996,sport soldier,DJI
1533374,HASSAN NOUR Samiyah,Female,Athletics,5/12/1999,sport soldier,DJI
1533378,HOUSSEIN BARKAT Houmed,Male,Swimming,4/4/2004,,DJI
1535180,BARAT Andy,Male,Canoe Slalom,29/11/1997,,COM
1535186,MARTINEZ RAMIREZ Miguel Angel,Male,Boxing,17/3/2001,,MEX
1535187,VERDE ALVAREZ Marco Alonso,Male,Boxing,11/2/2002,,MEX
1535191,GONZALEZ Alegna,Female,Athletics,2/1/1999,serves in the navy,MEX
1535195,LOPEZ Jesus Tonatiu,Male,Athletics,2/8/1997, ,MEX
1535199,PORTILLO Erick,Male,Athletics,5/10/2000, ,MEX
1535201,MUNOZ Uziel,Male,Athletics,8/9/1995, ,MEX
1535202,del REAL Diego,Male,Athletics,6/3/1994, ,MEX
1535203,DOCTOR Jose Luis,Male,Athletics,14/6/1996, ,MEX
1535212,MORAN Paola,Female,Athletics,25/2/1997, ,MEX
1535214,GALVAN Laura,Female,Athletics,5/10/1991, ,MEX
1535216,CORTES Alma Delia,Female,Athletics,26/12/1997, ,MEX
1535217,CRISTIAN MOSCOTE Citlali,Female,Athletics,15/4/1995, ,MEX
1535222,PALMA OLIVARES Ever Jair,Male,Athletics,18/3/1992,entrepreneur,MEX
1535225,OETLING RAMIREZ Elena,Female,Sailing,18/4/1993,business owner,MEX
1535226,AGUILAR CHAVEZ PEON Mariana,Female,Sailing,12/3/1999,student,MEX
1535252,LECHUGA ALANIS Kenia,Female,Rowing,26/6/1994,Armed Forces  ,MEX
1535260,LOPEZ GARCIA Alexis,Male,Rowing,1/5/1997, ,MEX
1535267,CARBALLO NIETO Miguel,Male,Rowing,8/7/1992, ,MEX
1535310,BLANCO Luisa,Female,Artistic Gymnastics,18/11/2001,student,COL
1535343,WILLARS VALDEZ Randal,Male,Diving,30/4/2002,Armed forces  ,MEX
1535345,BERLIN REYES Kevin,Male,Diving,25/4/2001, ,MEX
1535346,OROZCO LOZA Alejandra,Female,Diving,19/4/1997,Armed forces  ,MEX
1535348,AGUNDEZ GARCIA Gabriela,Female,Diving,4/8/2000,Armed forces  ,MEX
1535349,OLVERA IBARRA Osmar,Male,Diving,5/6/2004,,MEX
1535350,GARZA PEREZ Eugenio,Male,Equestrian,23/7/1996, ,MEX
1535351,FERNANDEZ Federico,Male,Equestrian,28/3/1968,,MEX
1535354,de LARA OJEDA Miguel Alejandro,Male,Swimming,9/8/1994,,MEX
1535356,MORENO Alexa,Female,Artistic Gymnastics,8/8/1994, ,MEX
1535357,SANDOVAL Ahtziri,Female,Artistic Gymnastics,5/10/1996, ,MEX
1535358,FLORES Sofia,Female,Rhythmic Gymnastics,20/12/2004, ,MEX
1535359,SALAZAR Kimberly,Female,Rhythmic Gymnastics,24/4/2004, ,MEX
1535360,TEJEDA Adirem,Female,Rhythmic Gymnastics,21/6/2002, ,MEX
1535361,ALCOCER Dalia,Female,Rhythmic Gymnastics,2/1/2004, ,MEX
1535362,GUTIERREZ Julia,Female,Rhythmic Gymnastics,13/9/2007, ,MEX
1535363,HERNANDEZ Emiliano,Male,Modern Pentathlon,27/1/1998,,MEX
1535364,CARRILLO Duilio,Male,Modern Pentathlon,24/3/1997,Armed Forces  ,MEX
1535365,OLIVER Mayan,Female,Modern Pentathlon,11/7/1993,,MEX
1535366,SANSORES Carlos,Male,Taekwondo,25/6/1997, ,MEX
1535367,SOUZA Daniela Paola,Female,Taekwondo,27/8/1999,Military  ,MEX
1535368,CLELAND QUINONEZ Alan,Male,Surfing,19/6/2002, ,MEX
1535373,GRIGORIAN Aram,Male,Judo,9/6/1998, ,UAE
1535374,KOSTOEV Dzhafar,Male,Judo,28/4/1999, ,UAE
1535375,MAGOMEDOMAROV Magomedomar,Male,Judo,10/4/2001, ,UAE
1535376,TATALASHVILI Nugzari,Male,Judo,20/3/1990,,UAE
1535383,BISHRELT Khorloodoi,Female,Judo,29/5/1998,,UAE
1535385,HOUSSEIN Alexandre,Male,Judo,28/3/1998,student,DJI
1535395,AL SAYEGH Safia,Female,Cycling Road,23/9/2001,student,UAE
1535420,VALENCIA Alejandra,Female,Archery,17/10/1994,sport soldier,MEX
1535429,RUIZ Angela,Female,Archery,28/7/2006,student,MEX
1535430,GRANDE Matias,Male,Archery,26/4/2004,student,MEX
1535433,PRIETO Marcela,Female,Cycling Road,11/3/1992, ,MEX
1535438,RAMIREZ RAMOS Edson Ismael,Male,Shooting,10/7/2000,student,MEX
1535439,RODRIGUEZ Gabriela,Female,Shooting,12/12/1996, ,MEX
1535440,ZAVALA VAZQUEZ Alejandra,Female,Shooting,16/6/1984,Military  ,MEX
1535441,QUEZADA MARQUEZ Carlos,Male,Shooting,21/10/1999,student,MEX
1535442,PENAFLOR MOYSEN Aram Michell,Male,Triathlon,11/3/1999, ,MEX
1535444,REINOSO Sofia,Female,Canoe Slalom,23/10/1996, ,MEX
1535448,BRIONES FRAGOZA Beatriz,Female,Canoe Sprint,10/2/1999, ,MEX
1535449,ALANIS MORALES Karina,Female,Canoe Sprint,9/12/1993, ,MEX
1535505,LINARES Natalia,Female,Athletics,3/1/2003,student,COL
1535506,LONGA Ronal,Male,Athletics,30/6/2004, ,COL
1535511,RUIZ HURTADO Flor Denis,Female,Athletics,29/1/1991, ,COL
1535512,ORJUELA Angie,Female,Athletics,9/5/1989, ,COL
1535513,RENTERIA RENTERIA Tatiana,Female,Wrestling,22/12/2000,,COL
1535514,VALDES PANA Angie Paola,Female,Boxing,14/7/2000,,COL
1535522,ARBOLEDA MENDOZA Valeria,Female,Boxing,13/4/2002,Parks assistant,COL
1535524,BOLANOS LOPEZ Victor,Male,Sailing,19/9/1994,,COL
1535609,ABDOLI Samyar,Male,Swimming,25/12/2002, ,IRI
1535660,SIMWAKA Asimenye,Female,Athletics,8/8/1997,soldier,MAW
1535693,AL MARZOOQI Omar Abdul Aziz,Male,Equestrian,28/3/2003,,UAE
1535729,SERRANO Franco,Male,Modern Pentathlon,22/11/2000,Sports soldier in the Argentine Army,ARG
1535766,KUMEL SAADI,Male,Football,19/8/2004, ,IRQ
1535776,JOSEF AL IMAM,Male,Football,27/7/2004, ,IRQ
1535804,MUNTADHER ABDULAMEER,Male,Football,6/10/2001, ,IRQ
1535805,MUNTADHER MOHAMMED,Male,Football,5/6/2001, ,IRQ
1535852,MAEDER Maximilian,Male,Sailing,12/9/2006, ,SGP
1535853,LO Ryan,Male,Sailing,26/2/1997,student,SGP
1535854,SIM En Yi Letitia,Female,Swimming,3/3/2003,student,SGP
1535856,TAN Jonathan Eu Jin,Male,Swimming,11/3/2002,student,SGP
1535858,PEREIRA Veronica Shanti,Female,Athletics,20/9/1996, ,SGP
1535910,ZAID TAHSEEN,Male,Football,29/1/2001, ,IRQ
1535913,HUSSEIN AMER,Male,Football,28/4/2002,,IRQ
1535914,ANAK LISES Bertrand Rhodict,Male,Diving,28/5/2005,,MAS
1535916,HUSSEIN LAWEND,Male,Football,20/1/2001, ,IRQ
1535918,WONG Guanjie Johnathan,Male,Shooting,23/8/1992,Shooting range manager,MAS
1535925,MOHAMAD ZUBIR Nur Aisyah,Female,Cycling Road,4/10/1997, ,MAS
1535926,MOHAMAD LATIF Nur Shazrin,Female,Sailing,2/2/1998, ,MAS
1535927,ALI JASIM,Male,Football,20/1/2004, ,IRQ
1535928,KARRAR SAAD,Male,Football,22/3/2001, ,IRQ
1535929,KARRAR MOHAMMED,Male,Football,6/1/2001, ,IRQ
1535930,NIHAD MOHAMMED,Male,Football,14/1/2001, ,IRQ
1535959,DOUA Camil,Male,Swimming,23/2/2002, ,MTN
1535993,CHEW Caroline,Female,Equestrian,18/4/1992,lawyer,SGP
1536032,HERNANDEZ FLORES Margarita,Female,Athletics,3/12/1985,administrator  assistant coach,MEX
1536045,SALIMI Arian,Male,Taekwondo,16/12/2003, ,IRI
1536058,BARKHORDARI Mehran,Male,Taekwondo,26/7/2000, ,IRI
1536064,NEMATZADEH Mobina,Female,Taekwondo,17/5/2005,,IRI
1536067,KIYANICHANDEH Nahid,Female,Taekwondo,1/8/1998, ,IRI
1536157,MPALI Adam,Male,Swimming,29/5/2002,,GAB
1536175,AMISON Naima-Zahra,Female,Swimming,10/10/2003, ,DJI
1536184,STREHLKE DELGADO Paulo,Male,Marathon Swimming,10/1/2006,,MEX
1536190,SANDOVAL AYALA Martha,Female,Marathon Swimming,14/8/1998,,MEX
1536196,ESTUDILLO TORRES Alejandra,Female,Diving,20/5/2005,,MEX
1536197,CELAYA HERNANDEZ Juan Manuel,Male,Diving,1/9/1998, ,MEX
1536198,VAZQUEZ MONTANO Aranza,Female,Diving,21/8/2002,Student,MEX
1536207,ALIPOUR SHENAZANDIFARD Reza,Male,Sport Climbing,29/4/1994, ,IRI
1536214,ALAMIAN Nima,Male,Table Tennis,24/12/1992, ,IRI
1536215,ALAMIYAN Noshad,Male,Table Tennis,21/11/1991,,IRI
1536233,YASEEN Taha Hussein,Male,Athletics,1/1/1998, ,IRQ
1536251,MAAN Tulika,Female,Judo,9/9/1998,student,IND
1536341,ANCER Abraham,Male,Golf,27/2/1991,,MEX
1536368,SHARMA Shubhankar,Male,Golf,21/7/1996,,IND
1536371,BHULLAR Gaganjeet,Male,Golf,27/4/1988,,IND
1536372,GIRMA Ermias,Male,Athletics,20/1/2005, ,ETH
1536460,ROJAS Carlos,Male,Archery,14/1/2000,student,MEX
1536467,MARTINEZ WING Bruno,Male,Archery,8/3/1998, ,MEX
1536479,VAZQUEZ Ana,Female,Archery,5/10/2000,sport soldier,MEX
1536494,RIVERA Edgar,Male,Athletics,13/2/1991, ,MEX
1536495,TAMAYO-GARZA Cecilia,Female,Athletics,4/3/1997, ,MEX
1536496,ALEMU Habitam,Female,Athletics,9/7/1997, ,ETH
1536497,MESELE Worknesh,Female,Athletics,11/6/2001, ,ETH
1536498,DUGUMA Tsige,Female,Athletics,23/2/2001, ,ETH
1536522,ASHOK Aditi,Female,Golf,29/3/1998,,IND
1536523,DAGAR Diksha,Female,Golf,14/12/2000,,IND
1536568,FAYISA Abdisa,Male,Athletics,24/4/2005, ,ETH
1536585,GUERRERO Ilse,Female,Athletics,24/3/1993, ,MEX
1536599,CHAMA Noel,Male,Athletics,15/9/1997, ,MEX
1536600,ORTIZ Ricardo,Male,Athletics,7/2/1995, ,MEX
1536624,SHAHSAVARI Neda,Female,Table Tennis,21/9/1986, ,IRI
1536632,FALLAH Mobina,Female,Archery,13/8/1999, ,IRI
1536648,LOH Kean Yew,Male,Badminton,26/6/1997, ,SGP
1536649,HEE Yong Kai Terry,Male,Badminton,6/7/1995,,SGP
1536650,TAN Wei Han Jessica,Female,Badminton,16/7/1993, ,SGP
1536651,YEO Jia Min,Female,Badminton,1/2/1999, ,SGP
1536669,LABIB Ali,Male,Cycling Road,21/9/2002, ,IRI
1536683,FASIHI Farzaneh,Female,Athletics,3/1/1993, ,IRI
1536701,TAFTIAN Hassan,Male,Athletics,4/5/1993, ,IRI
1536721,PANWAR Balraj,Male,Rowing,26/7/1999,Serves in the Army,IND
1536885,RICKETTS Shanieka,Female,Athletics,2/2/1992, ,JAM
1536925,HARRIS Naquille,Male,Athletics,16/5/2002,student,SKN
1536961,DAVOUDI Ali,Male,Weightlifting,22/3/1999, ,IRI
1536971,JAVADI ALIABADI Mir Mostafa,Male,Weightlifting,22/6/2000, ,IRI
1536983,WELTEJI Diribe,Female,Athletics,13/5/2002, ,ETH
1536990,HAYLOM Birke,Female,Athletics,6/1/2006, ,ETH
1536992,HAILU Freweyni,Female,Athletics,12/2/2001, ,ETH
1536996,AGHAMIRZAEIJENAGHARD Ali,Male,Canoe Sprint,4/3/1993, ,IRI
1536997,MAYALA Freddy,Male,Swimming,18/6/2000,student,CGO
1536998,AREGAWI Berihu,Male,Athletics,28/2/2001, ,ETH
1536999,KEJELCHA Yomif,Male,Athletics,1/8/1997, ,ETH
1537001,GEBRHIWET Hagos,Male,Athletics,11/5/1994, ,ETH
1537002,BOBIMBO Vanessa,Female,Swimming,8/12/1999, ,CGO
1537010,NGOYE Natacha,Female,Athletics,15/8/1993, ,CGO
1537012,SAIKHOM Mirabai Chanu,Female,Weightlifting,8/8/1994,police officer,IND
1537049,BAREGA Selemon,Male,Athletics,20/1/2000, ,ETH
1537052,TEFERA Samuel,Male,Athletics,23/10/1999, ,ETH
1537053,YIHUNE Addisu,Male,Athletics,17/3/2003, ,ETH
1537057,MEHARY Biniam,Male,Athletics,20/12/2006, ,ETH
1537066,TAYE Ejgayehu,Female,Athletics,10/2/2000, ,ETH
1537069,EISA Medina,Female,Athletics,3/1/2005, ,ETH
1537079,GEBRESELAMA Tsigie,Female,Athletics,30/9/2000, ,ETH
1537135,ZENG Jian,Female,Table Tennis,19/11/1996,,SGP
1537137,QUEK Izaac,Male,Table Tennis,26/5/2006, ,SGP
1537144,VEGA Jerome,Male,Athletics,7/4/1995, ,PUR
1537145,OWENS-DELERME Ayden,Male,Athletics,28/5/2000, ,PUR
1537149,de ORBETA Rachelle,Female,Athletics,27/3/2000, ,PUR
1537150,SCOTT Gabby,Female,Athletics,13/1/1997, ,PUR
1537163,D'AMOUR Nicholas,Male,Archery,4/9/2001, ,ISV
1537168,CASTRO RIVERA Luis,Male,Athletics,29/1/1991,coach,PUR
1537180,CEBALLOS Macarena,Female,Swimming,12/1/1995,,ARG
1537183,CAMACHO-QUINN Jasmine,Female,Athletics,21/8/1996, ,PUR
1537185,CHEVRIER Luc,Male,Sailing,30/6/1999, ,LCA
1537187,FERNANDEZ GAMBOA Pedro Luis,Male,Sailing,12/6/1997, ,PUR
1537188,RIVERA Sebastian C,Male,Wrestling,27/8/1998, ,PUR
1537189,LOZADA MOTTA Ashleyann,Female,Boxing,19/7/1991,,PUR
1537191,PULIDO ORTIZ Celia,Female,Swimming,1/1/2003,Student,MEX
1537203,HYDE Jaheel,Male,Athletics,2/2/1997, ,JAM
1537204,IGA Jorge,Male,Swimming,12/1/1997,coach  civil engineer,MEX
1537209,HEIN Agostina,Female,Swimming,24/4/2008,,ARG
1537256,SASSER Mathlynn,Female,Weightlifting,25/12/1996, ,MHL
1537272,HEPLER Kayla,Female,Swimming,22/3/2002, ,MHL
1537273,KINONO Philli,Male,Swimming,10/12/1997,student,MHL
1537276,GARRIDO Luis Ramon,Male,Badminton,10/5/1996,,MEX
1537286,MARTINEZ Paulina,Female,Judo,10/4/1999,Student,MEX
1537287,AWITI ALCARAZ Prisca,Female,Judo,20/2/1996, ,MEX
1537312,REZAEI Mohammad Nabi,Male,Canoe Sprint,10/4/1999, ,IRI
1537323,MUSTAFA SAADOON,Male,Football,25/5/2001, ,IRQ
1537325,ALFRED Julien,Female,Athletics,10/6/2001,,LCA
1537331,JOSEPH Michael,Male,Athletics,1/11/2002,student,LCA
1537336,YOUSSEF AMYN,Male,Football,21/8/2003, ,IRQ
1537345,TSEGAY Gudaf,Female,Athletics,23/1/1997, ,ETH
1537349,ALSADEQ Julyana,Female,Taekwondo,9/12/1994, ,JOR
1537368,TESFAY Fotyen,Female,Athletics,17/2/1998, ,ETH
1537375,MOJALLALTOPRAGHGHALE Fatemeh,Female,Rowing,27/7/2002, ,IRI
1537376,ELSHARABATY Saleh,Male,Taekwondo,12/9/1998, ,JOR
1537377,AL KHATRI Said,Male,Shooting,11/7/1985,Works for the Ministry of Defence,OMA
1537394,AL ADAWI Issa Samir Hamed,Male,Swimming,20/3/1999,student,OMA
1537401,KAREEM Zaid,Male,Taekwondo,19/6/2001,,JOR
1537402,SARAVANAN Vishnu,Male,Sailing,24/2/1999,army,IND
1537405,KUMANAN Nethra,Female,Sailing,21/8/1997,student,IND
1537465,SARAVIA Ulises,Male,Swimming,27/10/2005,,ARG
1537510,BORELLI Florencia,Female,Athletics,30/10/1992, ,ARG
1537518,CASETTA Belen,Female,Athletics,26/9/1994, ,ARG
1537531,GOMEZ Joaquin,Male,Athletics,14/10/1996, ,ARG
1537538,LARREGINA Elian,Male,Athletics,20/2/2000, ,ARG
1537547,SASIA Nazareno,Male,Athletics,5/1/2001, ,ARG
1537549,GADAYI Edwin Kwabla,Male,Athletics,14/2/2001,,GHA
1537579,ODLUM-SMITH Jayhan Jamaud,Male,Swimming,11/1/2002, ,LCA
1537661,ABUZRIBA Ahmed,Male,Weightlifting,16/4/2000, ,LBA
1537667,BUKRAH Mohamed,Male,Rowing,6/7/2003, ,LBA
1537686,BOUDINA Sid Ali,Male,Rowing,7/5/1990, ,ALG
1537927,GIL Federico,Male,Shooting,29/4/1988,Business owner  lawyer,ARG
1537929,GUTIERREZ Marcelo Julian,Male,Shooting,31/8/2000,Student,ARG
1537932,RUSSO Fernanda,Female,Shooting,2/10/1999,student,ARG
1538007,CROOKS Jordan,Male,Swimming,2/5/2002,student,CAY
1538028,BOSCO Eugenia,Female,Sailing,12/6/1997, ,ARG
1538040,FERRETTI Chiara,Female,Sailing,16/3/2007,student,ARG
1538041,MAJDALANI Mateo,Male,Sailing,15/7/1994, ,ARG
1538044,CRUZ SAUBIDET BIRKNER Francisco,Male,Sailing,5/10/1998, ,ARG
1538048,TURIENZO Maria Catalina,Female,Sailing,29/5/2006, ,ARG
1538059,EDGHILL Chelsea,Female,Table Tennis,6/7/1997, ,GUY
1538078,TONDAIMAN Prithviraj,Male,Shooting,6/6/1987, ,IND
1538084,KUSALE Swapnil,Male,Shooting,6/8/1995,Railway ticket examiner,IND
1538096,BATRA Manika,Female,Table Tennis,15/6/1995, ,IND
1538104,THAKKAR Manav Vikash,Male,Table Tennis,14/4/2000, ,IND
1538124,ZMUSHKA Alina,Female,Swimming,5/1/1997, ,AIN
1538136,AKULA Sreeja,Female,Table Tennis,31/7/1998,,IND
1538146,CHAUHAN Maheshwari,Female,Shooting,4/7/1996,,IND
1538150,SHYMANOVICH Ilya,Male,Swimming,2/8/1994, ,AIN
1538151,ACHANTA Sharath Kamal,Male,Table Tennis,12/7/1982, ,IND
1538153,SHKURDAI Anastasiya,Female,Swimming,3/1/2003,student,AIN
1538154,MOUDGIL Anjum,Female,Shooting,5/1/1994,police officer,IND
1538157,SINGH Shreyasi,Female,Shooting,29/8/1991,politician,IND
1538159,BHAKER Manu,Female,Shooting,18/2/2002,student,IND
1538160,ZALATY Yauheni,Male,Rowing,9/9/1999,,AIN
1538161,VALARIVAN Elavenil,Female,Shooting,2/8/1999, ,IND
1538190,DESAI Harmeet,Male,Table Tennis,19/7/1993, ,IND
1538193,KAMATH Archana Girish,Female,Table Tennis,17/6/2000, ,IND
1538234,GREENE Kennice Aphenie,Female,Swimming,6/7/2007, ,VIN
1538243,JOACHIM Alex,Male,Swimming,14/4/2003, ,VIN
1538244,ALBERTARRIO Agustina,Female,Hockey,1/1/1993, ,ARG
1538253,ALONSO Agostina,Female,Hockey,1/10/1995,student,ARG
1538260,CAMPOY Maria,Female,Hockey,6/10/1990, ,ARG
1538261,CAIRO Sofia,Female,Hockey,8/10/2002, ,ARG
1538262,CASAS Lara,Female,Hockey,22/6/2004, ,ARG
1538263,CASTELLARO MORELLO Juana,Female,Hockey,29/3/2005, ,ARG
1538266,COSENTINO Cristina,Female,Hockey,22/12/1997, ,ARG
1538274,GORZELANY Agustina,Female,Hockey,11/3/1996, ,ARG
1538276,GRANATTO Maria,Female,Hockey,21/4/1995, ,ARG
1538277,JANKUNAS Julieta,Female,Hockey,20/1/1999,student,ARG
1538294,RAPOSO RUIZ de los LLANOS Valentina,Female,Hockey,28/1/2003, ,ARG
1538295,SANCHEZ MOCCIA Rocio,Female,Hockey,2/8/1988, ,ARG
1538299,SAUZE VALDEZ Victoria,Female,Hockey,21/7/1991, ,ARG
1538304,TOCCALINO Sofia,Female,Hockey,20/3/1997, ,ARG
1538305,TRINCHINETTI Eugenia,Female,Hockey,17/7/1997, ,ARG
1538363,BUGALLO Agustin,Male,Hockey,23/4/1995, ,ARG
1538365,CAPURRO ZUBELDIA Bautista,Male,Hockey,22/10/2003, ,ARG
1538366,CASELLA SCHUTH Maico,Male,Hockey,5/6/1997, ,ARG
1538367,CATAN Juan,Male,Hockey,5/10/1995, ,ARG
1538370,DOMENE Tomas,Male,Hockey,4/9/1997, ,ARG
1538372,HABIF Thomas,Male,Hockey,27/5/1996, ,ARG
1538375,KEENAN Nicolas,Male,Hockey,6/5/1997, ,ARG
1538378,MARCUCCI Tadeo,Male,Hockey,3/5/2001, ,ARG
1538379,MARTINEZ Lucas,Male,Hockey,17/11/1993, ,ARG
1538380,MARTINS Tobias,Male,Hockey,14/7/1998, ,ARG
1538386,JAVER Mahsa,Female,Rowing,12/5/1994, ,IRI
1538396,NOROUZI TAZEH KAND Zeinab,Female,Rowing,1/1/2000,,IRI
1538415,BEYRANVAND Mohammad,Male,Shooting,25/8/2008,Student,IRI
1538421,ROSTAMIYAN Haniyeh,Female,Shooting,11/9/1998, ,IRI
1538436,AMINI POZVEH Fatemeh,Female,Shooting,5/10/2000,,IRI
1538442,CHEHEL AMIRANI Shermineh,Female,Shooting,20/6/1999,student,IRI
1538449,AMAISTROAIE Madalina,Female,Archery,9/12/2002,student,ROU
1538482,BOUZIDI Carole Diana,Female,Canoe Slalom,25/6/1985,,ALG
1538488,GERBEKOV Askerbii,Male,Judo,1/6/1996,,BRN
1538504,CISSE Arthur,Male,Athletics,29/12/1996, ,CIV
1538505,KONE Maboundou,Female,Athletics,16/5/1997, ,CIV
1538622,NURMATOV Shakhzod,Male,Rowing,7/4/1999, ,UZB
1538627,PRAKATEN Anna,Female,Rowing,6/9/1992, ,UZB
1538632,SAFAROLIYEV Sobirjon,Male,Rowing,2/5/2002, ,UZB
1538648,OLFATI Mahdi,Male,Artistic Gymnastics,6/3/2001, ,IRI
1538662,CHEN Jiexian Stephenie,Female,Canoe Sprint,25/12/1991, ,SGP
1538729,MAZZILLI Agustin,Male,Hockey,20/6/1989, ,ARG
1538734,MONJA Federico,Male,Hockey,12/9/1993, ,ARG
1538737,REY Matias,Male,Hockey,1/12/1984, ,ARG
1538740,SANTIAGO Tomas,Male,Hockey,15/6/1992, ,ARG
1538741,TARAZONA Santiago,Male,Hockey,31/5/1996, ,ARG
1538742,TOSCANI Lucas,Male,Hockey,22/9/1999, ,ARG
1538800,VERNICE Agustin,Male,Canoe Sprint,3/7/1995, ,ARG
1538830,BROWN Janeek,Female,Athletics,14/5/1998, ,JAM
1538875,MOLINA Gonzalo Nahuel,Male,Cycling BMX Racing,5/5/1995, ,ARG
1538878,VILLEGAS Federico Emiliano,Male,Cycling BMX Racing,13/7/1994,,ARG
1538893,CAMERON Lloydricia,Female,Athletics,8/4/1996, ,JAM
1538903,PERINCHIEF Jah-Nhai,Male,Athletics,13/12/1997, ,BER
1538904,CLAYTON Rushell,Female,Athletics,18/10/1992, ,JAM
1538910,DUFFY Flora,Female,Triathlon,30/9/1987, ,BER
1538934,FIRFIRICA Alin Alexandru,Male,Athletics,3/11/1995, ,ROU
1538935,GHELBER Bianca Florentina,Female,Athletics,1/6/1990, ,ROU
1538937,ION Diana Ana Maria,Female,Athletics,27/11/2000, ,ROU
1538939,MELLY Joan Chelimo,Female,Athletics,10/11/1990,,ROU
1538999,MERINGOR Delvine Relin,Female,Athletics,1/8/1992,,ROU
1539000,MIKLOS Andrea,Female,Athletics,17/4/1999, ,ROU
1539008,NOVAC Alexandru Mihaita,Male,Athletics,24/3/1997, ,ROU
1539114,PRANNOY H. S,Male,Badminton,17/7/1992,,IND
1539123,RANKIREDDY Satwiksairaj,Male,Badminton,13/8/2000, ,IND
1539125,SHETTY Chirag,Male,Badminton,4/7/1997, ,IND
1539131,BERTEMES Bob,Male,Athletics,24/5/1993,sports soldier,LUX
1539157,PUSARLA V. Sindhu,Female,Badminton,5/7/1995,company manager,IND
1539180,AGARWALLA Anush,Male,Equestrian,23/11/1999,student,IND
1539183,CRASTO Tanisha,Female,Badminton,5/5/2003,,IND
1539188,PONNAPPA Ashwini,Female,Badminton,18/9/1989,,IND
1539303,ROTARU-KOTTMANN Alina,Female,Athletics,5/6/1993,student,ROU
1539314,RUTTO Stella,Female,Athletics,16/12/1996, ,ROU
1539328,STANCIU Daniela,Female,Athletics,15/10/1987, ,ROU
1539340,TALOS Elena Andreea,Female,Athletics,24/2/1995, ,ROU
1539342,TOADER Andrei Rares,Male,Athletics,26/5/1997, ,ROU
1539412,GOMES Filipe,Male,Swimming,7/4/1997,Coach  personal trainer,MAW
1539497,OCAMPO Daiana,Female,Athletics,16/2/1991, ,ARG
1539505,ARCHIBALD Emanuel,Male,Athletics,9/9/1994, ,GUY
1539510,ABRAMS Aliyah,Female,Athletics,3/4/1997, ,GUY
1539530,NOEL Raekwon Jibril,Male,Swimming,21/12/2005,,GUY
1539532,PERSAUD Aleka Kylela,Female,Swimming,24/2/2006, ,GUY
1539540,ALLERS-LIBURD Zahria,Female,Athletics,6/3/2002, ,SKN
1539547,TRAORE Cheickna,Male,Athletics,21/10/2000,student,CIV
1539548,TIE Whitney,Female,Athletics,7/4/1999, ,CIV
1539607,SIDHU Vijayveer,Male,Shooting,21/6/2002, ,IND
1539611,TOMAR Aishwary Pratap Singh,Male,Shooting,3/2/2001,student,IND
1539615,NARUKA Anant Jeet Singh,Male,Shooting,1/7/1998,,IND
1539628,ANISH Anish,Male,Shooting,26/9/2002,student,IND
1539636,BABUTA Arjun,Male,Shooting,24/1/1999,,IND
1539643,CHEEMA Arjun Singh,Male,Shooting,13/6/2001, ,IND
1539683,BOUSHITA Abderrahmane,Male,Judo,5/9/1997, ,MAR
1539720,SINGH Sandee,Male,Shooting,20/1/1996,soldier,IND
1539747,SAMRA Sift Kaur,Female,Shooting,9/9/2001,Student,IND
1539752,SINGH Esha,Female,Shooting,1/1/2005,Student,IND
1539754,RAMITA Ramita,Female,Shooting,16/1/2004, ,IND
1539757,KUMARI Rajeshwari,Female,Shooting,10/12/1991,,IND
1539767,SANGWAN Rhythm,Female,Shooting,29/11/2003,Student,IND
1539849,SEN Lakshya,Male,Badminton,16/8/2001,,IND
1539886,di TELLA Pascual Maria,Male,Fencing,16/9/1995, ,ARG
1539948,DARRAGH Rachael,Female,Badminton,24/9/1997,,IRL
1539950,McNULTY Harry,Male,Rugby Sevens,5/3/1993,creative director  photographer,IRL
1539951,MOLLEN Bryan,Male,Rugby Sevens,25/9/1995,strength and conditioning coach,IRL
1539952,KENNEDY Terry,Male,Rugby Sevens,4/7/1996,managing director of finance company,IRL
1539954,WALSH Grainne,Female,Boxing,13/10/1995,,IRL
1539959,PASSMORE Jake,Male,Diving,12/6/2005,,IRL
1539961,HEALY Sarah,Female,Athletics,13/2/2001,student,IRL
1539962,McCANN Luke,Male,Athletics,12/3/1998, ,IRL
1539963,McCORMACK Fionnuala,Female,Athletics,24/9/1984, ,IRL
1539966,CATTERSON Victoria,Female,Swimming,25/3/2001, ,IRL
1539968,FERGUSON Conor,Male,Swimming,11/10/1999,Student,IRL
1539969,WIFFEN Daniel,Male,"Marathon Swimming', 'Swimming",14/7/2001,Student,IRL
1539971,ARMITAGE Megan,Female,Cycling Road,12/8/1996, ,IRL
1539974,GILLESPIE Lara,Female,Cycling Track,21/4/2001, ,IRL
1539976,MURPHY Kelly,Female,Cycling Track,3/11/1989, ,IRL
1539977,GRIFFIN Mia,Female,Cycling Track,30/12/1998, ,IRL
1539978,CREIGHTON Erin,Female,Cycling Track,6/3/2004,,IRL
1539982,SHARPE Alice,Female,Cycling Track,3/5/1994, ,IRL
1539983,HEALY Ben,Male,Cycling Road,11/9/2000, ,IRL
1539985,MAGUIRE Leona,Female,Golf,30/11/1994,,IRL
1539986,Mc CLENAGHAN Rhys,Male,Artistic Gymnastics,21/7/1999, ,IRL
1539990,MURTAGH Fiona,Female,Rowing,11/7/1995, ,IRL
1539991,MAGNER Imogen,Female,Rowing,8/7/1998,researcher  climate ambassador,IRL
1539992,LONG Natalie,Female,Rowing,13/6/1990, ,IRL
1539993,CASEY Aoife,Female,Rowing,1/6/1999, ,IRL
1539998,KEOGH Aifric,Female,Rowing,9/7/1992, ,IRL
1540039,TOSTI Alejandro,Male,Golf,30/5/1996,,ARG
1540108,BAR Juan,Male,Handball,29/6/1987, ,ARG
1540112,BONANNO Nicolas,Male,Handball,18/11/1991, ,ARG
1540120,FERNANDEZ Federico,Male,Handball,17/10/1989, ,ARG
1540143,FISCHER Guillermo,Male,Handball,18/7/1996, ,ARG
